Distance, Time, Speed
100.000000, 2.000000, 50.000000
200.000000, 2.500000, 80.000000
10.500000, 0.560000, 18.750000
200.000000, 2.000000, 100.000000
350.000000, 8.900000, 39.325843
9000.000000, 12.500000, 720.000000
300.000000, 6.000000, 50.000000
100.000000, 1.000000, 100.000000
600.000000, 7.000000, 85.714286
800.000000, 8.000000, 100.000000
